{
  "format_version": 1,
  "generated_at": "2026-06-13T03:59:09.647393Z",
  "scenarios": [
    {
      "artifact_read_ms": {
        "count": 3,
        "max": 13.99756,
        "mean": 11.263146,
        "min": 9.756329,
        "p50": 10.035548,
        "p95": 13.601359
      },
      "artifact_write_ms": {
        "count": 1,
        "mean": 279.524,
        "sum": 279.524
      },
      "db_activity_span_ms": 1652.819,
      "processing_ms": {
        "count": 3,
        "max": 27.1805,
        "mean": 25.019228,
        "min": 23.888755,
        "p50": 23.988429,
        "p95": 26.861293
      },
      "processing_replicas": 1,
      "requested_tracks": 2,
      "run_id": "eval-deterministic-review-demo",
      "scenario": "deterministic-review-demo",
      "status": "passed",
      "storage_backend": "local",
      "wall_clock_ms": 5879.95,
      "writer_write_ms": {
        "count": 15,
        "max": 27.100674,
        "mean": 3.522435,
        "min": 0.791291,
        "p50": 1.453573,
        "p95": 11.259505
      }
    },
    {
      "artifact_read_ms": {
        "count": 20,
        "max": 13.471589,
        "mean": 10.606127,
        "min": 8.8145,
        "p50": 9.847496,
        "p95": 13.202813
      },
      "artifact_write_ms": {
        "count": 1,
        "mean": 4494.238,
        "sum": 4494.238
      },
      "db_activity_span_ms": 6099.108,
      "processing_ms": {
        "count": 96,
        "max": 89.045965,
        "mean": 20.307965,
        "min": 12.055973,
        "p50": 18.772967,
        "p95": 27.690057
      },
      "processing_replicas": 1,
      "requested_tracks": 5,
      "run_id": "eval-fma-5",
      "scenario": "fma-small-burst-5",
      "status": "passed",
      "storage_backend": "local",
      "wall_clock_ms": 15886.562,
      "writer_write_ms": {
        "count": 297,
        "max": 24.766977,
        "mean": 1.766041,
        "min": 0.722321,
        "p50": 1.615909,
        "p95": 2.67133
      }
    },
    {
      "artifact_read_ms": {
        "count": 20,
        "max": 17.829702,
        "mean": 12.16334,
        "min": 8.560965,
        "p50": 12.148619,
        "p95": 15.340977
      },
      "artifact_write_ms": {
        "count": 1,
        "mean": 97291.06,
        "sum": 97291.06
      },
      "db_activity_span_ms": 110060.47,
      "processing_ms": {
        "count": 1933,
        "max": 104.136487,
        "mean": 19.16537,
        "min": 10.539702,
        "p50": 17.907874,
        "p95": 29.554135
      },
      "processing_replicas": 1,
      "requested_tracks": 100,
      "run_id": "eval-fma-100",
      "scenario": "fma-small-burst-100",
      "status": "passed",
      "storage_backend": "local",
      "wall_clock_ms": 126934.592,
      "writer_write_ms": {
        "count": 5903,
        "max": 32.679757,
        "mean": 1.817549,
        "min": 0.497114,
        "p50": 1.666936,
        "p95": 3.581498
      }
    },
    {
      "artifact_read_ms": {
        "count": 20,
        "max": 14.085504,
        "mean": 9.357248,
        "min": 7.237848,
        "p50": 8.719048,
        "p95": 13.841061
      },
      "artifact_write_ms": {
        "count": 1,
        "mean": 4568.835,
        "sum": 4568.835
      },
      "db_activity_span_ms": 6010.15,
      "processing_ms": {
        "count": 96,
        "max": 31.165289,
        "mean": 18.603025,
        "min": 11.272836,
        "p50": 17.912864,
        "p95": 26.523853
      },
      "processing_replicas": 1,
      "requested_tracks": 5,
      "run_id": "eval-scale-r1",
      "scenario": "fma-small-scaling-r1",
      "status": "passed",
      "storage_backend": "local",
      "wall_clock_ms": 14600.693,
      "writer_write_ms": {
        "count": 297,
        "max": 27.727272,
        "mean": 1.749747,
        "min": 0.673785,
        "p50": 1.652373,
        "p95": 2.527302
      }
    },
    {
      "artifact_read_ms": {
        "count": 20,
        "max": 15.521395,
        "mean": 11.675396,
        "min": 8.783375,
        "p50": 11.497182,
        "p95": 15.011602
      },
      "artifact_write_ms": {
        "count": 1,
        "mean": 4886.273,
        "sum": 4886.273
      },
      "db_activity_span_ms": 6430.837,
      "processing_ms": {
        "count": 96,
        "max": 92.465312,
        "mean": 22.484015,
        "min": 12.50671,
        "p50": 19.146982,
        "p95": 35.874463
      },
      "processing_replicas": 2,
      "requested_tracks": 5,
      "run_id": "eval-scale-r2",
      "scenario": "fma-small-scaling-r2",
      "status": "passed",
      "storage_backend": "local",
      "wall_clock_ms": 14990.952,
      "writer_write_ms": {
        "count": 297,
        "max": 57.654196,
        "mean": 1.91909,
        "min": 0.680066,
        "p50": 1.670321,
        "p95": 2.843159
      }
    },
    {
      "artifact_read_ms": {
        "count": 20,
        "max": 15.697862,
        "mean": 12.811691,
        "min": 9.811823,
        "p50": 13.040027,
        "p95": 14.491831
      },
      "artifact_write_ms": {
        "count": 1,
        "mean": 5202.53,
        "sum": 5202.53
      },
      "db_activity_span_ms": 6790.265,
      "processing_ms": {
        "count": 96,
        "max": 100.784398,
        "mean": 23.610617,
        "min": 12.41224,
        "p50": 20.707311,
        "p95": 35.595229
      },
      "processing_replicas": 3,
      "requested_tracks": 5,
      "run_id": "eval-scale-r3",
      "scenario": "fma-small-scaling-r3",
      "status": "passed",
      "storage_backend": "local",
      "wall_clock_ms": 15272.382,
      "writer_write_ms": {
        "count": 297,
        "max": 39.959974,
        "mean": 1.994494,
        "min": 0.765971,
        "p50": 1.784396,
        "p95": 2.733702
      }
    },
    {
      "artifact_read_ms": {
        "count": 0,
        "max": null,
        "mean": null,
        "min": null,
        "p50": null,
        "p95": null
      },
      "artifact_write_ms": {
        "count": 0,
        "mean": null,
        "sum": 0
      },
      "db_activity_span_ms": null,
      "processing_ms": {
        "count": 0,
        "max": null,
        "mean": null,
        "min": null,
        "p50": null,
        "p95": null
      },
      "processing_replicas": 1,
      "requested_tracks": null,
      "run_id": "eval-fma-full-local",
      "scenario": "fma-small-full-local-experiment",
      "skip_reason": "EVAL_ENABLE_FULL_FMA_SMALL is not true",
      "status": "skipped",
      "storage_backend": "local",
      "wall_clock_ms": 0.0,
      "writer_write_ms": {
        "count": 0,
        "max": null,
        "mean": null,
        "min": null,
        "p50": null,
        "p95": null
      }
    }
  ]
}